"id","date","price","bedrooms","bathrooms","living","lot","floors","waterfront","condition","above","basement","year","zipcode","living15","lot15","renovated"
65000085,"7/8/2014",430000,3,2,1550,6039,1,"no","great",830,720,1942,98126,1330,6042,"no"
87000283,"11/18/2014",359950,3,2.5,1980,7800,2,"no","neutral",1980,0,1999,98055,1700,20580,"no"
98030660,"3/11/2015",815000,4,2.5,3880,7208,2,"no","neutral",3880,0,2006,98075,3280,7221,"no"
109210280,"11/11/2014",220000,4,2.25,1950,7280,2,"no","good",1950,0,1979,98023,1910,7280,"no"
121029034,"6/24/2014",549000,2,1,2034,13392,1,"yes","great",1159,875,1947,98070,1156,15961,"no"
121039042,"3/13/2015",425000,3,2.75,3610,107386,1.5,"yes","neutral",3130,480,1918,98023,2630,42126,"no"
121039083,"2/6/2015",629000,3,1.75,1460,12367,2,"yes","good",1120,340,1970,98023,1970,18893,"no"
185000118,"2/23/2015",212000,4,2,1880,7500,1,"no","great",980,900,1946,98178,1670,14350,"no"
203100690,"4/25/2015",1080000,4,2.75,3160,42733,2,"no","neutral",3160,0,1995,98053,1890,24000,"no"
217500135,"4/21/2015",450000,4,2.25,2040,9565,1,"no","neutral",1400,640,1959,98133,1890,8580,"no"
221029019,"4/28/2015",4e+05,3,2.5,2090,32718,2,"yes","neutral",1550,540,1919,98070,1200,192268,"no"
222029026,"9/17/2014",340000,2,0.75,1060,48292,1,"yes","great",560,500,1947,98070,750,80201,"no"
225039175,"5/13/2014",525000,5,3,2450,4591,2,"no","neutral",2450,0,1994,98117,1060,5500,"no"
226059106,"1/2/2015",489500,3,1.75,2090,65558,1,"no","neutral",1330,760,1977,98072,2450,47178,"no"
258100040,"11/24/2014",335000,3,2,1490,8847,1,"no","good",1490,0,1967,98177,1640,7572,"no"
272000620,"12/2/2014",290000,2,1,900,2728,2,"no","neutral",900,0,1998,98144,900,2728,"no"
284000025,"4/20/2015",1410000,2,2,2180,18525,1,"yes","great",1580,600,1952,98146,2480,21503,"no"
284000095,"9/22/2014",1200000,2,2.25,2160,17861,2,"yes","good",2160,0,1956,98146,2660,18530,"no"
305500140,"5/12/2015",365000,3,2.5,2200,4052,2,"no","neutral",2200,0,2005,98058,2310,5082,"no"
319500080,"6/18/2014",764000,4,2.5,2790,7938,2,"no","neutral",2790,0,1997,98074,2780,7779,"no"
323059146,"4/17/2015",343000,3,1,1410,18600,1,"no","great",1410,0,1960,98059,1610,24941,"no"
333100295,"11/24/2014",3120000,3,3.5,4490,56609,2,"yes","neutral",4490,0,1993,98034,2710,51330,"no"
339600110,"9/23/2014",395000,3,2.5,1610,3755,2,"no","neutral",1610,0,1987,98052,1300,3823,"no"
372000040,"10/3/2014",304000,3,1.75,1720,6000,1,"no","neutral",1000,720,1954,98178,1690,6000,"no"
421049254,"10/2/2014",179000,2,1,990,8760,1,"no","neutral",990,0,1977,98003,1560,11880,"no"
425079001,"4/23/2015",499950,3,2.5,3230,129578,1,"no","good",2100,1130,1964,98014,2760,62059,"no"
439200035,"11/17/2014",740000,4,2.75,2560,6900,1,"no","neutral",1480,1080,1959,98115,2600,7200,"no"
510002065,"3/23/2015",7e+05,4,1,1980,4560,1.5,"no","neutral",1980,0,1920,98103,1810,3245,"no"
510002506,"8/25/2014",459500,2,1.5,1170,1079,3,"no","neutral",1170,0,2003,98103,1170,1116,"no"
518500460,"10/8/2014",2230000,3,3.5,3760,5634,2,"yes","neutral",2830,930,2014,98056,3560,5762,"no"
518500480,"8/11/2014",3e+06,3,3.5,4410,10756,2,"yes","neutral",3430,980,2014,98056,3550,5634,"no"
518500700,"5/7/2014",630000,2,2.25,2550,5663,1,"no","neutral",1720,830,2011,98056,2560,3828,"no"
521049200,"7/8/2014",819000,3,2.75,3176,13391,2,"no","good",2726,450,1985,98198,3470,12779,"no"
526069024,"5/12/2014",950000,5,3,4530,258746,1.5,"no","good",3200,1330,2003,98077,3430,83199,"no"
534000195,"11/13/2014",510000,3,1.75,1370,6700,1,"no","neutral",1370,0,1940,98117,1180,6694,"yes"
585000095,"12/16/2014",625000,3,2.5,2180,5000,1,"no","good",1240,940,1977,98116,2000,5000,"no"
594000115,"5/12/2014",615000,2,1.75,2040,28593,1.5,"yes","good",2040,0,1919,98070,2040,35124,"no"
622049114,"2/18/2015",2130000,3,2.5,5403,24069,2,"yes","good",5403,0,1976,98166,3980,104374,"no"
623059016,"7/17/2014",1100000,4,3.25,3190,11774,2,"yes","neutral",2610,580,1956,98178,2240,8725,"no"
624069035,"12/9/2014",2750000,4,4,4130,5575,2,"yes","good",2860,1270,1993,98075,2980,5575,"no"
624069108,"8/12/2014",3200000,4,3.25,7000,28206,1,"yes","good",3500,3500,1991,98075,4913,14663,"no"
625059036,"8/13/2014",2700000,5,4,4230,27295,2,"yes","neutral",3230,1000,1949,98033,2660,27295,"no"
626049115,"11/5/2014",405000,4,2.5,2620,8960,1,"no","great",1520,1100,1955,98133,1880,8960,"no"
629800520,"9/3/2014",1210000,4,3.25,4330,26162,2,"no","neutral",4330,0,1997,98074,5110,26319,"no"
685000115,"10/7/2014",2150000,8,6,4340,9415,2,"no","neutral",4340,0,1967,98004,2050,9100,"no"
686400060,"8/20/2014",521000,4,2.25,1890,8034,1,"no","good",1890,0,1967,98008,1920,7210,"no"
723069089,"7/15/2014",575000,4,2.5,2550,56628,2,"no","neutral",2550,0,2001,98027,1870,56628,"no"
724069023,"4/14/2015",1250000,1,1.25,1810,5070,1.5,"yes","good",1230,580,1967,98075,2280,5070,"no"
724069059,"5/9/2014",2400000,3,2.25,3000,11665,1.5,"yes","neutral",3000,0,2001,98075,3000,15959,"no"
726049190,"2/18/2015",431000,3,1,1810,7200,1,"no","good",1130,680,1954,98133,1810,8100,"no"
727500030,"7/15/2014",815000,3,1.5,1370,8671,1,"no","neutral",1370,0,1955,98004,1580,8671,"no"
740500040,"10/1/2014",265000,4,1,1860,8505,1,"no","good",1860,0,1955,98055,1560,8505,"no"
766000240,"9/15/2014",225000,4,2,2220,14120,1,"no","neutral",1200,1020,1966,98042,1300,9709,"no"
777100005,"11/22/2014",1650000,3,2.25,2750,6203,1,"yes","great",1620,1130,1959,98074,2570,7009,"no"
809002290,"5/19/2014",1190000,4,3,2240,6000,1.5,"no","good",1270,970,1914,98109,2240,4250,"no"
809002765,"10/22/2014",610000,3,1,1180,3400,1.5,"no","neutral",1180,0,1907,98109,1440,3400,"no"
822039084,"3/11/2015",1350000,3,2.5,2753,65005,1,"yes","great",2165,588,1953,98070,2680,72513,"no"
824059211,"11/17/2014",8e+05,4,1.75,2150,9148,1,"no","good",2150,0,1955,98004,2370,9148,"no"
825059178,"9/23/2014",2570000,4,3.75,4475,20424,2,"yes","neutral",2659,1816,1999,98033,4340,5250,"no"
825079024,"5/6/2015",785000,3,2.75,2990,207781,2,"no","neutral",2990,0,2000,98014,2590,218671,"no"
889000025,"8/11/2014",599000,3,1.75,1650,1180,3,"no","neutral",1650,0,2014,98105,1720,1960,"no"
908000010,"12/12/2014",360000,5,2.5,2880,6902,1,"no","neutral",1680,1200,1976,98058,2080,5586,"yes"
922059161,"9/22/2014",365000,3,2,2140,26600,1,"no","good",2140,0,1983,98031,2310,8783,"no"
952003480,"11/17/2014",445000,4,1,1460,4600,1,"no","neutral",780,680,1946,98126,1560,4600,"no"
993001629,"11/17/2014",265000,3,2.75,1120,881,3,"no","neutral",1120,0,1999,98103,1120,1087,"no"
1025039086,"9/16/2014",1880000,3,2.5,3280,29111,2,"yes","neutral",3280,0,1925,98199,3530,21074,"no"
1081330180,"12/22/2014",627000,4,2.5,2750,11830,2,"no","neutral",2750,0,2014,98059,2310,11830,"no"
1085623710,"7/14/2014",447055,4,2.5,2448,4949,2,"no","neutral",2448,0,2014,98030,2815,5446,"no"
1088810040,"3/20/2015",627250,4,2.5,2830,10677,2,"no","neutral",2830,0,1993,98011,2970,9619,"no"
1105000015,"6/9/2014",417000,2,1,920,6600,1,"no","neutral",920,0,1919,98118,1510,5944,"yes"
1105000588,"4/21/2015",349500,3,1,1400,3538,1,"no","neutral",800,600,1953,98118,1620,6331,"no"
1118001370,"1/2/2015",1570000,3,2.75,2340,8828,1,"no","good",2340,0,1954,98112,3480,8526,"no"
1121039059,"5/22/2014",503000,2,1.75,2860,59612,1,"yes","neutral",1510,1350,1948,98023,2720,59612,"yes"
1176001124,"2/24/2015",598950,3,2.5,1480,1531,3,"no","neutral",1480,0,2014,98107,1530,1321,"no"
1223039173,"4/29/2015",450000,4,1.75,2190,11625,1,"no","good",2020,170,1956,98146,1920,8855,"no"
1224059053,"10/27/2014",1700000,5,2,2500,15250,2,"yes","great",2500,0,1942,98008,1880,18782,"no"
1231000510,"9/22/2014",263000,3,1.75,1490,3800,1,"no","neutral",700,790,1913,98118,2180,4000,"no"
1231000895,"11/5/2014",986000,4,3.5,2840,5900,2,"no","neutral",1920,920,1910,98118,1300,4900,"yes"
1245002391,"10/22/2014",1400000,5,4.25,4230,6907,2,"no","neutral",3450,780,2008,98033,2650,8076,"no"
1247600105,"10/20/2014",5110000,5,5.25,8010,45517,2,"yes","neutral",5990,2020,1999,98033,3430,26788,"no"
1250203070,"5/14/2014",1400000,3,2.5,2550,7200,2,"no","neutral",2550,0,1981,98144,2030,3500,"yes"
1257201010,"5/4/2015",698000,2,1,1510,4080,1,"no","neutral",1010,500,1923,98103,1660,4080,"no"
1269200229,"7/23/2014",1380000,3,3.25,3786,38038,1,"yes","neutral",1934,1852,1978,98070,2850,33361,"yes"
1313500070,"8/20/2014",249000,3,1.5,1580,7200,1,"no","good",1080,500,1976,98092,1580,7470,"no"
1324049015,"11/11/2014",2490000,4,2.5,3440,23954,1.5,"yes","great",2260,1180,1931,98040,4230,18723,"no"
1325059083,"5/27/2014",830000,4,2.5,1850,50662,1,"no","neutral",1430,420,1978,98052,2090,10599,"no"
1326069191,"2/2/2015",334000,3,2.25,1840,9781,2,"no","neutral",1840,0,1989,98019,1490,10101,"no"
1337800220,"9/8/2014",1e+06,4,2.5,2230,3600,2,"no","great",1630,600,1906,98112,2410,4800,"no"
1338300180,"7/29/2014",1400000,4,2.25,3960,8640,2,"no","neutral",2630,1330,1925,98112,3850,8640,"no"
1352300520,"1/13/2015",294000,3,3,1670,4120,1.5,"no","neutral",1140,530,1929,98055,1010,4120,"yes"
1402600110,"2/26/2015",392000,4,2.25,2360,7733,2,"no","neutral",2360,0,1983,98058,2160,7733,"no"
1402950550,"1/7/2015",332000,4,2.5,2470,7780,2,"no","neutral",2470,0,2002,98092,2100,5972,"no"
1423200110,"5/13/2015",180000,2,1,800,9450,1,"no","neutral",800,0,1958,98058,1090,9450,"no"
1423910670,"5/27/2014",305000,4,1,2100,9288,1,"no","good",1050,1050,1968,98058,1600,8550,"no"
1432701380,"4/7/2015",263000,3,1,1250,7560,1,"no","neutral",1250,0,1959,98058,1270,7615,"no"
1438000010,"9/12/2014",569995,4,2.5,2650,6875,2,"no","neutral",2650,0,2014,98059,2650,5831,"no"
1446400785,"4/22/2015",228950,3,1,1120,6625,1,"no","neutral",1120,0,1942,98168,1120,6794,"no"
1453602284,"11/3/2014",296000,2,2,1320,2040,3,"no","neutral",1320,0,1997,98125,1430,2040,"no"
1455100355,"7/8/2014",1680000,3,2.5,3490,8343,2,"yes","good",2150,1340,1939,98125,2990,13104,"no"
1455600062,"10/21/2014",689000,3,2.5,2080,9612,1,"no","good",1700,380,1940,98125,2560,10202,"no"
1525059190,"9/12/2014",1040000,5,3.25,4770,50094,1,"no","good",3070,1700,1973,98005,3530,38917,"no"
1551500130,"5/22/2014",180000,4,1.5,1740,7292,1,"no","neutral",1020,720,1962,98168,1740,7573,"no"
1568100920,"4/8/2015",1950000,4,2.5,3440,14554,2,"yes","neutral",2170,1270,2012,98155,3170,11810,"no"
1574700140,"8/8/2014",550000,3,1.75,1830,9720,1,"no","neutral",1150,680,1928,98040,3380,10854,"no"
1624079088,"8/11/2014",415000,3,2.75,3900,111514,2,"no","neutral",3460,440,1967,98024,2460,217800,"yes"
1646501845,"9/13/2014",570000,3,2,1270,3090,2,"no","great",1270,0,1911,98117,1440,3090,"no"
1678400105,"2/12/2015",339000,4,1.5,2390,7480,1.5,"no","neutral",2390,0,1920,98178,2850,6867,"no"
1721800190,"4/9/2015",3e+05,2,1.5,1300,6120,1,"no","neutral",820,480,1945,98146,1250,6120,"no"
1724069059,"5/24/2014",2e+06,5,4,4580,4443,3,"yes","neutral",4580,0,2004,98075,2710,4443,"no"
1724069060,"5/7/2015",1080000,2,3.25,1550,1767,3,"yes","neutral",1550,0,2006,98075,2710,3444,"no"
1724069062,"7/14/2014",1370000,2,3.25,2700,3444,3,"yes","neutral",2700,0,1990,98075,2710,3444,"no"
1724069079,"3/19/2015",1450000,2,3.25,2070,3128,2,"yes","neutral",1760,310,1988,98075,2740,3568,"no"
1725079061,"7/10/2014",5e+05,3,1.75,1640,47044,1,"no","neutral",1640,0,1989,98014,2280,200811,"no"
1727500280,"8/20/2014",480000,4,2.25,1770,7000,1,"no","great",1770,0,1972,98034,1780,6500,"no"
1762600090,"4/24/2015",1210000,4,2.5,3430,35120,2,"no","neutral",3430,0,1984,98033,3920,35230,"no"
1822039138,"2/27/2015",6e+05,2,2.25,2320,18919,2,"yes","good",2320,0,1976,98070,1610,18919,"no"
1826049426,"1/5/2015",445000,4,2.75,2320,12368,1,"no","neutral",1670,650,1968,98133,2070,9575,"no"
1827200265,"9/11/2014",1900000,2,2.75,3690,32044,2,"yes","neutral",3690,0,1989,98166,2310,26988,"no"
1843100580,"9/3/2014",360000,4,2.5,2340,13445,2,"no","neutral",2340,0,1990,98042,2340,11188,"no"
1921059310,"3/20/2015",193000,2,1.75,1280,6774,1,"no","neutral",1280,0,1991,98002,1450,7810,"no"
1922039062,"4/20/2015",480000,2,1.5,1008,26487,1,"yes","good",1008,0,1943,98070,1132,24079,"yes"
1922059027,"1/23/2015",282510,4,1,1450,32234,1.5,"no","good",1450,0,1932,98030,1530,10125,"no"
1924059029,"6/17/2014",4670000,5,6.75,9640,13068,1,"yes","neutral",4820,4820,1983,98040,3270,10454,"yes"
1925069066,"6/23/2014",1700000,3,2.75,2810,18731,2,"yes","good",2810,0,1974,98052,3120,14810,"no"
1925069082,"5/11/2015",2200000,5,4.25,4640,22703,2,"yes","great",2860,1780,1952,98052,3140,14200,"no"
1925069121,"3/30/2015",960000,3,2.5,1730,4102,3,"yes","neutral",1730,0,1996,98074,2340,16994,"no"
1926069137,"7/7/2014",775000,4,3.25,4100,241322,2,"no","neutral",2500,1600,1981,98072,3770,87821,"no"
1928300350,"12/22/2014",570000,3,1.75,1370,3300,2,"no","great",1370,0,1927,98105,1560,3927,"no"
1931300665,"10/9/2014",850000,3,3,1910,4800,1.5,"no","neutral",1910,0,1900,98103,1280,1310,"no"
1951820070,"8/22/2014",491500,3,2.25,2230,13100,1,"no","good",1510,720,1974,98006,2010,10650,"no"
1954430190,"8/8/2014",528000,4,2.75,2050,7171,1,"no","neutral",1540,510,1988,98074,1960,7110,"no"
1954700615,"10/22/2014",825000,4,1.5,2040,6900,2,"no","neutral",2040,0,1903,98112,3150,8220,"no"
1959701890,"7/29/2014",865000,4,1.75,1800,4180,2,"no","good",1800,0,1921,98102,2180,4620,"no"
1972200259,"5/7/2014",425000,2,2.5,1150,1027,3,"no","neutral",1150,0,2008,98103,1360,1210,"no"
2011000010,"5/2/2014",257950,3,1.75,1370,5858,1,"no","neutral",1370,0,1987,98198,1400,7500,"no"
2013802030,"9/11/2014",357000,3,2,2460,53882,1,"yes","neutral",2460,0,1955,98198,2660,32625,"no"
2013802060,"9/27/2014",5e+05,2,1,1760,27332,1,"yes","good",1300,460,1951,98198,2590,16630,"no"
2024069008,"6/19/2014",2200000,5,4.75,5990,10450,2,"yes","neutral",4050,1940,2002,98027,3330,14810,"no"
2025059150,"7/2/2014",1040000,4,1.75,1440,13296,1,"no","good",1440,0,1967,98004,3520,10802,"no"
2025069065,"9/29/2014",2400000,4,2.5,3650,8354,1,"yes","neutral",1830,1820,2000,98074,3120,18841,"no"
2025069140,"3/17/2015",1900000,3,2.5,2830,4334,3,"yes","neutral",2830,0,2006,98074,2830,38211,"no"
2028701000,"5/29/2014",635200,4,1.75,1640,4240,1,"no","great",920,720,1921,98117,1300,4240,"no"
2095500120,"7/18/2014",350000,4,2.5,2380,6124,2,"no","neutral",2380,0,1997,98030,2170,6097,"no"
2113700060,"10/14/2014",4e+05,4,2.5,2350,3904,2.5,"no","neutral",2350,0,1999,98106,1120,4000,"no"
2115720130,"8/21/2014",289950,3,2.5,2070,5013,2,"no","neutral",2070,0,1987,98023,1670,5013,"no"
2122039094,"11/26/2014",705000,3,3,1970,20978,2,"yes","good",1770,200,1980,98070,2280,75396,"no"
2123039032,"10/27/2014",369900,1,0.75,760,10079,1,"yes","great",760,0,1936,98070,1230,14267,"no"
2124089028,"7/14/2014",279000,3,1.75,1430,39160,1,"no","neutral",900,530,1925,98065,1430,40860,"no"
2125059013,"4/20/2015",1670000,5,3.5,4320,40816,2,"no","good",4320,0,1997,98004,4320,44584,"no"
2138700141,"7/2/2014",736000,2,1,1500,4000,1,"no","neutral",1100,400,1933,98109,1980,4000,"no"
2159900120,"8/22/2014",419000,2,2.5,1470,2034,2,"no","good",1470,0,1985,98007,1510,2055,"no"
2291401115,"11/25/2014",349950,1,1,1230,9300,1.5,"no","good",1230,0,1918,98133,1190,6820,"no"
2310050110,"12/15/2014",364950,3,2.25,2520,6170,2,"no","neutral",1850,670,2003,98038,2260,6967,"no"
2322029048,"11/19/2014",999000,3,2.75,2830,505166,1,"yes","good",1830,1000,1962,98070,2120,21988,"no"
2325300037,"9/2/2014",358000,3,3.25,1410,1442,3,"no","neutral",1360,50,2006,98125,1500,1200,"no"
2402100575,"6/13/2014",1130000,6,3.75,3010,4360,2,"no","neutral",2000,1010,2014,98103,1600,5160,"no"
2408800120,"7/16/2014",360000,4,1.75,2140,49658,1,"no","great",2140,0,1959,98010,1720,99316,"no"
2413300240,"11/10/2014",280000,4,2.25,1990,7350,1,"no","good",1180,810,1978,98003,2030,7210,"no"
2423029009,"6/17/2014",465000,2,2,1494,19271,2,"yes","neutral",1494,0,1943,98070,1494,43583,"yes"
2424410110,"6/11/2014",325000,3,1.75,1790,27427,1,"no","neutral",1130,660,1978,98065,1610,16684,"no"
2425049063,"9/11/2014",3640000,4,3.25,4830,22257,2,"yes","good",4830,0,1990,98039,3820,25582,"no"
2450000290,"12/15/2014",1250000,5,2.5,3370,8113,2,"no","neutral",3370,0,2005,98004,2470,8113,"no"
2460700260,"2/18/2015",3e+05,3,2,1480,6698,1,"no","good",1080,400,1979,98058,1850,7348,"no"
2469000010,"3/23/2015",1080000,4,2.25,2100,12172,1,"no","great",2100,0,1961,98040,2400,10713,"no"
2473002080,"3/17/2015",5e+05,3,2.75,3410,9360,1.5,"no","good",3410,0,1967,98058,2260,10128,"no"
2473250400,"9/24/2014",325000,4,2,1780,10622,1,"no","good",900,880,1976,98058,1550,8900,"no"
2473370750,"2/24/2015",430000,3,1.75,3440,10428,1.5,"no","great",3440,0,1974,98058,2160,8400,"no"
2473400570,"5/16/2014",317000,3,2,1760,11410,1,"no","great",1060,700,1977,98058,1680,9165,"no"
2475901105,"7/15/2014",291000,3,1,1280,10500,1.5,"no","good",1280,0,1941,98024,1410,10500,"no"
2517010230,"2/26/2015",286000,3,2.5,1800,3980,2,"no","neutral",1800,0,2006,98042,2580,4307,"no"
2523400205,"4/21/2015",510000,2,1.5,1860,5100,1,"no","neutral",1060,800,1940,98136,1710,5100,"no"
2524049215,"5/1/2015",1560000,4,3.75,3730,17000,2,"no","good",2820,910,1986,98040,3880,15550,"no"
2568200140,"6/25/2014",739900,5,2.5,2980,5377,2,"no","neutral",2980,0,2006,98052,3150,6593,"no"
2579500110,"7/1/2014",2370000,3,2.25,3530,17450,1,"yes","neutral",1840,1690,1930,98040,3530,17310,"no"
2597490410,"4/2/2015",740000,3,2.5,2350,3798,2,"no","neutral",2350,0,2013,98029,2020,3532,"no"
2600010070,"4/14/2015",998000,3,2.25,3370,11757,2,"no","good",3370,0,1980,98006,2690,10500,"no"
2619920170,"10/1/2014",772500,4,2.5,3230,4290,2,"no","neutral",3230,0,2004,98033,3220,5083,"no"
2621700010,"5/8/2014",569000,4,2.25,2250,41688,2,"no","neutral",2250,0,1980,98053,2350,37920,"no"
2623029003,"12/16/2014",635000,3,1.75,1940,167125,1,"yes","good",1480,460,1955,98070,1910,127195,"no"
2623039018,"10/27/2014",685000,4,1,1550,15239,1.5,"yes","neutral",1370,180,1930,98166,1790,22047,"no"
2623039019,"5/8/2014",988500,3,2.75,2015,16807,2,"yes","neutral",2015,0,2007,98166,1780,12310,"no"
2623039082,"2/18/2015",770000,3,3.5,2050,21744,2,"yes","good",1750,300,1930,98166,2300,12200,"no"
2624049091,"3/13/2015",2900000,5,2.5,3750,91681,2,"yes","neutral",3750,0,1925,98118,3540,24293,"no"
2658000335,"10/27/2014",275000,3,1.25,1230,4500,1.5,"no","good",1230,0,1913,98118,1310,5000,"no"
2722059075,"8/11/2014",455000,3,2.75,2720,31314,3,"no","neutral",2720,0,1986,98042,2290,15188,"no"
2723069147,"9/2/2014",635000,3,2.25,2680,175982,1,"no","neutral",2680,0,2004,98038,3170,215186,"no"
2724079061,"10/10/2014",610000,3,1.75,1650,221720,1,"no","neutral",1650,0,1992,98024,2520,221284,"no"
2725069164,"8/5/2014",785000,4,2.5,2990,9374,2,"no","neutral",2990,0,2003,98074,2440,8711,"no"
2726049034,"11/10/2014",2e+06,3,3.25,2610,16387,2,"yes","neutral",2610,0,2006,98125,2590,12958,"no"
2726079103,"7/22/2014",475000,3,2.5,2630,185130,2,"no","neutral",2630,0,1991,98014,2630,210394,"no"
2738640040,"4/9/2015",644000,4,2.5,3310,4839,2,"no","neutral",3310,0,2007,98072,3240,5280,"no"
2767602645,"11/10/2014",507000,4,2,1360,2746,1.5,"no","neutral",1360,0,1945,98107,1960,2746,"yes"
2767704756,"10/20/2014",470000,3,3.5,1280,1257,2,"no","neutral",1040,240,2000,98107,1280,1249,"no"
2767704777,"9/19/2014",436000,3,2.5,1460,1238,2,"no","neutral",1200,260,2008,98107,1280,1257,"no"
2781230020,"12/9/2014",398500,4,2.5,2820,6666,2,"no","neutral",2820,0,2007,98038,1880,7200,"no"
2781600195,"11/17/2014",285000,1,1,1060,54846,1,"yes","neutral",1060,0,1935,98070,2258,31762,"no"
2804600155,"5/7/2015",1350000,4,1.75,2000,3728,1.5,"no","good",1820,180,1926,98112,1950,3728,"no"
2856100935,"9/23/2014",1080000,5,3.5,3740,5610,2,"no","neutral",2860,880,2014,98117,1520,4590,"no"
2868900020,"4/8/2015",215000,3,1,1010,10125,1,"no","good",1010,0,1972,98042,1230,10125,"no"
2877104196,"12/6/2014",760000,3,2,1780,1750,1,"no","neutral",1400,380,1927,98103,1780,3750,"yes"
2887970040,"4/8/2015",234950,2,2.5,1720,3132,2,"no","neutral",1720,0,1999,98042,1740,4220,"no"
2909300150,"7/14/2014",675000,4,2.5,2900,5505,2,"no","neutral",2900,0,2002,98074,2970,5251,"no"
2919201335,"7/31/2014",912000,4,3.75,1980,4095,2,"no","neutral",1980,0,2009,98103,1480,3840,"no"
2923039243,"11/13/2014",340000,4,1,1200,11834,1,"yes","neutral",1200,0,1972,98070,1670,47462,"no"
2923500230,"12/16/2014",2600000,4,4.5,5270,12195,2,"yes","neutral",3400,1870,1979,98027,3390,9905,"no"
2946000285,"3/2/2015",2e+05,3,2,1170,10051,1,"no","good",1170,0,1957,98198,1440,9800,"no"
2954400520,"4/30/2015",1240000,4,3.25,5180,49936,2,"no","good",5180,0,1991,98053,4240,35363,"no"
3022039071,"5/30/2014",8e+05,2,2.25,1730,31491,2,"yes","good",1730,0,1947,98070,1400,12410,"no"
3024059014,"3/25/2015",1900000,4,2.25,3020,11489,1.5,"yes","great",2110,910,1916,98040,3890,11489,"no"
3026059361,"4/17/2015",479000,2,2.5,1741,1439,2,"no","neutral",1446,295,2007,98034,2090,10454,"no"
3034200933,"6/19/2014",399888,4,2.25,1820,8255,1.5,"no","good",1320,500,1930,98133,1550,7628,"no"
3102700160,"9/25/2014",344900,4,1.75,1820,7700,1,"no","good",1100,720,1955,98177,1700,8500,"no"
3121500340,"7/12/2014",690000,4,2.5,2900,23488,2,"no","neutral",2900,0,1992,98053,2900,34589,"no"
3124059023,"2/13/2015",1960000,3,1.75,3330,12566,1,"yes","good",1940,1390,1960,98040,3730,16560,"no"
3126059023,"3/3/2015",3400000,4,3.5,4730,47870,1,"yes","neutral",2940,1790,1954,98033,3250,49346,"no"
3211200140,"7/10/2014",350000,4,2,1720,7210,1,"no","neutral",860,860,1971,98034,1250,7210,"no"
3211240370,"12/1/2014",460000,4,2.25,2690,36114,2,"no","good",2690,0,1986,98092,2570,35091,"no"
3222049044,"6/12/2014",835000,3,3,2790,12523,2,"yes","good",1600,1190,1977,98198,2990,11476,"no"
3222049055,"1/16/2015",650000,3,1.75,2800,19386,1,"yes","neutral",1400,1400,1965,98198,3270,31450,"no"
3222049087,"4/22/2015",570000,1,1,720,7540,1,"yes","good",720,0,1905,98198,1120,9736,"no"
3222049151,"10/30/2014",820000,3,2.5,2990,10711,1,"yes","neutral",1560,1430,1976,98198,2870,11476,"no"
3224079005,"10/9/2014",255000,2,1,920,43560,1,"no","good",920,0,1923,98024,1530,11875,"no"
3225069065,"6/24/2014",3080000,4,5,4550,18641,1,"yes","neutral",2600,1950,2002,98074,4550,19508,"no"
3225069241,"4/22/2015",2e+06,3,2.5,3490,21064,1,"yes","neutral",2290,1200,1968,98074,1780,15244,"no"
3271801090,"4/30/2015",1180000,4,2,2590,7220,2,"no","good",2590,0,1930,98199,2530,6380,"no"
3278600240,"7/22/2014",372500,2,2.5,1400,2958,2,"no","neutral",1400,0,2007,98126,1540,2385,"no"
3278600710,"7/14/2014",2e+05,1,1.5,1010,1157,2,"no","neutral",950,60,2007,98126,1360,1688,"no"
3295700060,"6/2/2014",5e+05,3,2,1720,5525,1,"no","great",960,760,1941,98108,1760,5525,"no"
3298600850,"12/16/2014",235000,3,1.75,1370,14030,1,"no","good",1370,0,1977,98092,2100,15260,"no"
3303860460,"4/15/2015",499000,4,2.5,3100,5700,2,"no","neutral",3100,0,2011,98038,3060,6000,"no"
3304040020,"12/26/2014",375500,4,2.5,2301,6452,2,"no","neutral",2301,0,2010,98001,2650,6054,"no"
3306300630,"9/24/2014",212000,3,1.75,1100,9750,1,"no","good",1100,0,1967,98023,1100,9900,"no"
3320000212,"10/6/2014",397500,3,2.25,1350,980,2,"no","neutral",1050,300,2007,98144,1350,1245,"no"
3325069064,"3/26/2015",1050000,3,1,1860,44431,1,"no","good",1860,0,1947,98074,2000,44431,"no"
3327000140,"6/17/2014",235000,3,1.75,1190,7280,1,"no","good",1190,0,1968,98092,1250,7800,"no"
3330500085,"9/18/2014",366000,2,1,1210,3090,1,"no","neutral",860,350,1926,98118,1210,3348,"no"
3342104046,"7/8/2014",1570000,4,2.25,2890,18226,3,"yes","neutral",2890,0,1984,98056,2870,11151,"no"
3343301910,"10/20/2014",1e+06,5,4.5,2120,8944,2,"yes","great",2120,0,1939,98006,2870,8944,"no"
3343301920,"3/2/2015",1650000,3,2.75,2690,8890,2,"yes","good",2690,0,1975,98006,2940,8890,"no"
3343302110,"3/6/2015",1800000,3,3,2790,13295,2,"yes","good",2370,420,1933,98006,3140,11949,"no"
3421059049,"6/10/2014",475000,2,1.75,1490,224334,1,"no","neutral",1490,0,1983,98092,2350,213879,"no"
3423049165,"3/31/2015",240000,3,1,1270,12733,1,"no","neutral",1270,0,1955,98188,1660,11536,"no"
3423049209,"3/18/2015",200450,3,1,970,9130,1,"no","neutral",970,0,1957,98188,1000,8886,"no"
3426049284,"8/19/2014",2300000,4,3.25,4110,15929,2,"yes","neutral",2720,1390,2001,98115,2640,15929,"no"
3432500210,"3/26/2015",325000,2,1,1130,6908,1.5,"no","neutral",1130,0,1945,98155,1150,6908,"no"
3438503014,"10/20/2014",230000,2,1,870,7020,1,"no","good",570,300,1942,98106,1730,7020,"no"
3523029041,"10/9/2014",290000,2,0.75,440,8313,1,"yes","good",440,0,1943,98070,880,26289,"no"
3529000880,"3/9/2015",610000,4,2.5,2110,6360,2,"no","neutral",2110,0,1988,98029,2050,7000,"no"
3558900430,"4/14/2015",615000,3,2.25,2300,8067,1,"no","good",1300,1000,1979,98034,2120,9524,"no"
3574770100,"1/16/2015",550000,4,2.75,3650,4534,2,"no","neutral",2940,710,2014,98028,2400,7682,"no"
3621059043,"5/27/2014",293000,4,2.5,3250,235063,1,"no","neutral",3250,0,1973,98092,1600,44287,"no"
3623500260,"5/12/2014",1200000,3,1.75,1560,8078,1.5,"yes","good",1560,0,1928,98040,2890,16710,"no"
3623500408,"3/30/2015",2600000,3,3,3410,16015,2,"yes","good",2220,1190,1973,98040,3760,16572,"no"
3625059043,"9/4/2014",3300000,5,4.75,6200,13873,2,"yes","good",4440,1760,1989,98008,2940,13525,"no"
3625059152,"12/30/2014",3300000,3,3.25,4220,41300,1,"yes","good",2460,1760,1958,98008,3810,30401,"no"
3629970190,"1/26/2015",769000,4,3.5,3010,6202,2,"no","neutral",3010,0,2005,98029,2520,5001,"no"
3630010040,"5/23/2014",402000,3,2,1540,1827,2,"no","neutral",1540,0,2005,98029,1540,1827,"no"
3630080190,"8/1/2014",405000,3,2.5,1500,2314,2,"no","neutral",1500,0,2005,98029,1440,2170,"no"
3649100276,"6/9/2014",368000,3,1.75,1710,10800,1,"no","good",1710,0,1958,98028,1890,10800,"no"
3751600030,"7/17/2014",1e+05,2,1,770,17334,1,"no","neutral",770,0,1978,98001,1480,17334,"no"
3751606514,"6/26/2014",270000,2,1,1780,81021,1,"no","good",1780,0,1954,98001,1780,26723,"no"
3760500116,"11/20/2014",3070000,3,2.5,3930,55867,1,"yes","good",2330,1600,1957,98034,2730,26324,"no"
3761100045,"6/18/2014",3e+06,4,4.25,4850,12445,2,"yes","great",3850,1000,1989,98034,3350,12210,"no"
3761100180,"9/17/2014",1600000,4,2.5,2980,13341,1.5,"yes","great",1800,1180,1928,98034,2340,19810,"no"
3761700053,"1/5/2015",2150000,3,2.75,3470,9610,3,"yes","neutral",3470,0,1989,98034,4130,11875,"yes"
3790700070,"11/21/2014",302500,4,2.5,1990,5511,2,"no","neutral",1990,0,1994,98030,1850,6031,"no"
3797000035,"5/21/2014",430000,3,1,1150,3000,1,"no","great",1150,0,1906,98103,1460,3200,"no"
3818700185,"9/25/2014",4e+05,4,1.5,2150,11026,1,"no","good",2150,0,1952,98028,1760,10283,"no"
3824100020,"2/3/2015",335000,3,1.75,1510,9720,1,"no","neutral",1510,0,1948,98028,1520,10037,"no"
3824100166,"11/22/2014",385000,4,1.75,1970,10358,1,"no","neutral",1540,430,1977,98028,1900,10358,"no"
3824100286,"3/19/2015",565000,3,2.25,2440,8378,1,"no","neutral",1480,960,1962,98028,2510,9602,"no"
3831000010,"8/6/2014",235000,4,1.5,1760,6150,1.5,"no","neutral",1760,0,1951,98031,1760,8276,"no"
3840700757,"6/19/2014",585000,4,2.5,2840,11044,2,"no","neutral",2840,0,2001,98034,1934,9605,"no"
3885802136,"7/23/2014",899000,4,2.5,2580,3943,2,"no","neutral",2580,0,2013,98033,1700,5772,"no"
3892500150,"5/21/2014",1550000,3,2.5,4460,26027,2,"no","neutral",4460,0,1992,98033,3770,26027,"no"
3904930730,"11/5/2014",496600,3,2.5,1910,5562,2,"no","neutral",1910,0,1988,98029,1940,4647,"no"
3905050240,"6/24/2014",425000,3,2.5,1930,4500,2,"no","neutral",1930,0,1990,98029,1770,4500,"no"
3905080280,"3/4/2015",529000,3,2.5,1880,4499,2,"no","neutral",1880,0,1993,98029,2130,5114,"no"
3905100840,"7/23/2014",5e+05,3,2.25,1580,4379,2,"no","good",1580,0,1994,98029,1770,4187,"no"
3920000040,"10/10/2014",280000,5,2,2110,7919,1,"no","neutral",1110,1000,1966,98118,1590,5250,"no"
3946900010,"3/23/2015",500007,2,1.75,1820,6050,1,"no","neutral",910,910,1950,98115,1730,6050,"no"
4027701265,"5/1/2015",480000,3,1.75,2920,21375,1,"no","neutral",1850,1070,1961,98028,1540,8482,"no"
4030100005,"12/9/2014",1800000,5,3.75,4320,39094,2,"yes","neutral",4320,0,1938,98155,1920,7750,"no"
4030100290,"10/1/2014",1680000,5,3.5,5170,7197,3,"yes","neutral",3520,1650,1998,98155,3020,12880,"no"
4031000520,"11/25/2014",227000,1,2,1150,9812,1,"no","good",1150,0,1962,98001,1200,9812,"no"
4035900015,"6/19/2014",659500,4,3,2620,18362,1,"no","good",1870,750,1956,98006,2630,16792,"no"
4037000470,"3/16/2015",550000,3,1.75,1440,8957,1,"no","good",1440,0,1957,98008,1340,8780,"no"
4037000840,"4/6/2015",554000,3,2,1910,9001,1,"no","good",1910,0,1957,98008,2040,8700,"no"
4039000050,"7/14/2014",516130,3,1.75,1510,8250,1,"no","good",1510,0,1962,98008,1770,8250,"no"
4046601010,"10/23/2014",399950,3,1.75,2450,15001,1,"no","neutral",1980,470,1989,98014,1790,15323,"no"
4046601420,"12/30/2014",340000,3,2,1570,14992,1,"no","neutral",1570,0,2001,98014,1640,15000,"no"
4051110240,"8/25/2014",225000,3,2.5,1750,7490,1,"no","good",1180,570,1979,98042,1570,7490,"no"
4053200285,"8/11/2014",725000,3,2.5,3410,41022,2,"no","neutral",3410,0,1990,98042,2150,21429,"no"
4053200933,"6/23/2014",249000,3,1,1000,19204,1,"no","neutral",1000,0,1968,98042,2450,25927,"yes"
4055701200,"4/21/2015",1960000,4,2.75,3120,7898,1,"yes","good",1560,1560,1963,98034,2630,13868,"no"
4058801225,"12/2/2014",350000,4,1.75,1820,6930,1,"no","good",1320,500,1952,98178,1820,6825,"no"
4077800094,"2/2/2015",675000,4,1.75,2220,7230,1,"no","neutral",1280,940,1950,98125,2210,7230,"no"
4077800438,"12/31/2014",518000,4,1.75,1780,8768,1,"no","good",1050,730,1951,98125,1590,8100,"no"
4100000050,"10/30/2014",813000,3,1.75,2080,11866,1,"no","neutral",2080,0,1960,98005,2240,10696,"no"
4109600306,"2/18/2015",475000,2,1,920,5157,1,"no","neutral",920,0,1909,98118,1700,5150,"no"
4114601570,"11/18/2014",3600000,3,3.25,5020,12431,2,"yes","neutral",3420,1600,1941,98144,3680,12620,"yes"
4114601580,"7/24/2014",1900000,6,4,3020,13237,2,"yes","neutral",2840,180,1942,98144,3680,12620,"no"
4123830480,"6/10/2014",392000,4,2.75,1940,6555,2,"no","neutral",1940,0,1990,98038,1840,6912,"no"
4123840470,"2/24/2015",408000,3,2.5,2620,8403,2,"no","neutral",2620,0,1991,98038,2190,7842,"no"
4131900066,"8/25/2014",3100000,3,3,3920,13085,2,"yes","good",3920,0,1996,98040,3450,13287,"no"
4134300175,"4/17/2015",1850000,4,2.5,4120,14866,1,"yes","neutral",2070,2050,1965,98006,3620,19729,"no"
4139440610,"5/12/2014",746000,3,2.5,2620,8950,2,"no","neutral",2620,0,1992,98006,2850,8809,"no"
4166600115,"11/21/2014",1150000,3,2.75,3230,75889,2,"yes","neutral",3230,0,1925,98023,2560,72229,"no"
4174600391,"3/23/2015",393000,5,2,1820,5054,1,"no","good",910,910,1970,98108,1180,5628,"no"
4178500440,"1/28/2015",279900,3,2,1410,6600,1,"no","good",1410,0,1990,98042,1750,7150,"no"
4217401055,"5/2/2014",1400000,4,2.5,2920,4000,1.5,"no","great",1910,1010,1909,98105,2470,4000,"no"
4217402115,"4/21/2015",3650000,6,4.75,5480,19401,1.5,"yes","great",3910,1570,1936,98105,3510,15810,"no"
4224100030,"4/3/2015",372000,4,2.5,2520,9604,2,"no","neutral",2520,0,1990,98031,2540,9793,"no"
4279200060,"12/30/2014",420000,4,2.5,2110,9825,2,"no","neutral",2110,0,2000,98059,1650,9900,"no"
4303200130,"2/10/2015",277000,4,3,1960,5160,1,"no","neutral",1170,790,2001,98106,1960,5160,"no"
4305200070,"5/19/2014",350000,3,2.25,1640,7200,2,"no","good",1640,0,1985,98007,1830,8372,"no"
4307330050,"7/21/2014",439900,5,3.5,3390,7950,2,"no","neutral",3390,0,2003,98056,2580,6900,"no"
4318200090,"6/18/2014",375000,2,1,940,9839,1,"no","neutral",940,0,1910,98136,1330,8740,"no"
4331000400,"2/20/2015",252000,3,1.5,1150,13200,1,"no","neutral",1150,0,1956,98166,1220,13066,"no"
4338800500,"10/14/2014",262500,3,2,1130,7200,1,"no","good",1130,0,1944,98166,1270,7500,"no"
4356200210,"3/18/2015",153500,3,1,890,4810,1,"no","neutral",890,0,1910,98118,1230,6057,"no"
4376700570,"4/27/2015",750000,6,1.75,2750,9563,2,"no","good",2750,0,1973,98052,2040,9563,"no"
4385700285,"9/3/2014",690000,3,1.75,1600,4400,1,"no","neutral",1030,570,1941,98112,2150,4000,"no"
4397650080,"10/15/2014",815000,3,3.75,2780,5002,2,"no","neutral",2780,0,1999,98007,3110,5717,"no"
4399210110,"6/19/2014",232603,3,1.75,1750,11461,2,"no","good",1750,0,1976,98002,2140,11276,"no"
4458300190,"4/24/2015",875000,3,2.5,1690,10592,1,"no","neutral",1690,0,1973,98040,2260,9945,"yes"
4477000290,"3/11/2015",474950,4,1.75,2030,15400,1,"no","neutral",1130,900,1975,98166,2040,12425,"no"
5014000215,"8/18/2014",454000,2,1,880,6731,1,"no","good",880,0,1950,98116,1240,6731,"no"
5019500215,"1/15/2015",495000,2,1.75,1280,4000,1,"no","good",730,550,1929,98116,2250,5382,"no"
5071401000,"8/29/2014",779000,6,2.5,3250,12000,1,"no","neutral",1800,1450,1966,98115,3490,10320,"no"
5104520610,"7/14/2014",335000,4,2.5,1830,4500,2,"no","neutral",1830,0,2004,98038,2080,5100,"no"
5104531120,"3/23/2015",775000,5,2.75,3750,12077,2,"no","neutral",3750,0,2005,98038,3120,7255,"no"
5119400075,"6/20/2014",950000,3,3.25,3050,18892,1,"yes","good",1650,1400,1962,98198,1170,70973,"no"
5145100180,"9/17/2014",325000,3,1,1150,7486,1,"no","neutral",1150,0,1970,98034,1510,7486,"no"
5145100300,"9/18/2014",465000,3,2,1560,8509,1,"no","neutral",790,770,1969,98034,1410,7428,"no"
5152100060,"5/29/2014",472000,6,2.5,4410,14034,1,"no","good",2350,2060,1965,98003,2600,13988,"no"
5154200015,"4/14/2015",1710000,3,3,2490,27702,2,"yes","neutral",2490,0,2000,98116,2580,12119,"no"
5154700060,"10/15/2014",1660000,4,2.75,3520,19200,1,"yes","good",1950,1570,1951,98136,2450,7000,"no"
5215200010,"6/26/2014",663000,3,2.5,2480,37843,1.5,"yes","good",2480,0,1974,98070,2350,42122,"no"
5215200050,"7/29/2014",750000,3,2.5,2960,69351,2,"yes","good",2960,0,1990,98070,2350,41433,"no"
5216200090,"6/16/2014",385000,2,1,830,26329,1,"yes","good",830,0,1928,98070,2030,27338,"no"
5256500025,"8/27/2014",457000,4,1.75,2100,10358,1,"no","great",1280,820,1959,98133,2080,9000,"no"
5272200005,"2/18/2015",175000,2,1,1160,6911,1,"no","neutral",1160,0,1947,98125,1120,6948,"no"
5347200070,"4/27/2015",339000,3,1,1150,2496,1,"no","neutral",1010,140,1947,98126,1340,1203,"no"
5379804537,"8/26/2014",270000,3,2.25,1760,8287,1,"no","neutral",1160,600,1986,98188,1290,9587,"no"
5416500660,"4/30/2015",426500,4,2.5,2960,4640,2,"no","neutral",2960,0,2005,98038,2750,4623,"no"
5418500650,"3/25/2015",586000,4,2.25,1930,8338,1,"no","neutral",1930,0,1968,98125,2280,7616,"no"
5419800220,"6/10/2014",250000,3,1.75,1590,7560,1,"no","neutral",1130,460,1984,98031,1500,7560,"no"
5420300270,"8/13/2014",231500,4,2.25,2080,7526,1,"no","good",1280,800,1985,98030,1200,7500,"no"
5422430320,"7/21/2014",309950,4,2.5,1770,6666,2,"no","neutral",1770,0,1989,98023,1780,6666,"no"
5423030300,"5/19/2014",525000,4,1.75,2420,7672,1,"no","neutral",1480,940,1979,98027,2370,7699,"no"
5437820020,"8/7/2014",195000,3,1.75,1580,7875,1,"no","neutral",1580,0,1979,98022,1560,8314,"no"
5442300807,"6/24/2014",2700000,5,2.75,3831,13800,2,"yes","neutral",3831,0,1959,98040,3850,36563,"no"
5453700060,"2/24/2015",875000,4,1.75,2180,9726,1,"no","good",2180,0,1966,98040,2560,10244,"no"
5454000010,"12/10/2014",740000,3,1.75,2020,9478,1,"no","good",2020,0,1961,98040,3050,15594,"no"
5469300270,"5/6/2014",234000,3,1.75,1490,8366,1,"no","good",1010,480,1975,98042,1490,7469,"no"
5560000640,"6/19/2014",232500,3,1,1320,8450,1,"no","neutral",880,440,1961,98023,1320,8450,"no"
5561300750,"7/25/2014",518000,4,2.25,2640,34870,1,"no","neutral",1770,870,1977,98027,2500,35580,"no"
5561400610,"10/19/2014",542500,5,3.5,2730,42500,1,"no","neutral",1530,1200,1989,98027,3180,37970,"no"
5581400080,"6/18/2014",770000,4,2.5,3210,14910,2,"no","neutral",3210,0,1995,98074,3280,14910,"no"
5608000630,"11/3/2014",1520000,4,4,4500,11795,2,"no","neutral",4500,0,1991,98027,3930,11576,"no"
5612100065,"5/29/2014",4e+05,4,2,1670,12056,1,"no","neutral",1670,0,1955,98028,1860,12056,"no"
5631501073,"6/25/2014",374500,3,2.25,1400,11400,2,"no","neutral",1400,0,1984,98028,2180,9248,"no"
5632500110,"7/16/2014",351000,3,1,1160,10518,1,"no","neutral",1160,0,1960,98028,1670,9380,"no"
5706201140,"11/21/2014",533250,4,1.75,1520,15398,1,"no","good",1370,150,1960,98027,1840,12500,"no"
5728000060,"8/1/2014",605000,3,1.75,1850,8823,1,"no","good",1370,480,1973,98008,1880,7580,"no"
6021501420,"8/25/2014",571000,4,1,1350,4000,1.5,"no","neutral",1350,0,1930,98117,1520,4000,"no"
6021501685,"4/22/2015",352000,2,1,940,5000,1,"no","good",940,0,1937,98117,1560,4500,"no"
6055000430,"3/27/2015",473000,4,3.5,4370,37193,2,"no","neutral",2780,1590,1996,98022,2860,39356,"no"
6082400191,"6/19/2014",287000,3,2,1300,11374,1.5,"no","great",1300,0,1933,98168,1480,9670,"no"
6102400166,"9/5/2014",649000,3,2,1810,17006,2,"yes","neutral",1810,0,1913,98166,2180,24911,"no"
6116500341,"1/12/2015",419000,4,1.5,2150,23568,1,"no","good",2150,0,1950,98166,2150,10125,"no"
6117500460,"6/30/2014",1310000,4,2.5,2680,12215,1,"yes","neutral",1590,1090,1956,98166,2960,19964,"no"
6117502220,"11/17/2014",1580000,3,3,2610,22672,1.5,"yes","good",2610,0,1952,98166,2810,22672,"no"
6117502230,"12/1/2014",1640000,3,3.5,4660,21164,2,"yes","neutral",4660,0,1975,98166,3140,24274,"no"
6143600555,"6/9/2014",229950,4,1.75,1300,21000,1,"no","good",1300,0,1969,98001,2120,9920,"no"
6197200021,"11/6/2014",144000,3,1,980,6800,1,"no","neutral",980,0,1946,98058,1140,9975,"no"
6329000050,"3/10/2015",641500,1,1,1000,9084,1,"yes","neutral",1000,0,1950,98146,1090,6536,"no"
6329000185,"3/29/2015",540000,3,2.5,2600,23361,1.5,"yes","neutral",2150,450,1912,98146,1700,14700,"no"
6329000190,"7/29/2014",750000,4,1.75,2520,21834,1,"yes","neutral",1420,1100,1960,98146,1700,8100,"no"
6329000380,"6/19/2014",319950,2,1,920,8341,1,"no","neutral",920,0,1939,98146,2330,9792,"no"
6352600210,"6/11/2014",809950,4,2.5,3280,6181,2,"no","neutral",3280,0,2001,98074,3110,7570,"no"
6381501965,"6/12/2014",430000,4,1.75,1890,6000,1,"no","good",1110,780,1947,98125,1560,6356,"no"
6383000690,"3/25/2015",587100,3,2.25,1670,6414,1,"no","good",1670,0,1961,98117,2130,7035,"no"
6392001005,"6/20/2014",511500,4,1,1360,6000,1.5,"no","neutral",1360,0,1917,98115,1710,6000,"no"
6412100092,"1/5/2015",362500,3,1,1520,9507,1,"no","neutral",1520,0,1954,98125,1360,7219,"no"
6430000275,"5/6/2014",485000,3,2,1420,4080,1.5,"no","neutral",1420,0,1905,98103,1420,4590,"yes"
6431000015,"5/30/2014",7e+05,4,2.5,2310,3570,1.5,"no","neutral",1490,820,1927,98103,1580,3060,"yes"
6608500220,"12/24/2014",410000,3,1.75,1340,9975,1,"no","good",1340,0,1961,98033,1340,10050,"no"
6613000930,"9/2/2014",2950000,4,3.25,3890,25470,2,"yes","great",3030,860,1923,98105,4140,19281,"no"
6623400356,"7/2/2014",250000,3,1.75,1200,24805,1,"no","neutral",1200,0,1984,98031,2150,4339,"no"
6632300207,"3/5/2015",385000,3,2.5,1520,1488,3,"no","neutral",1520,0,2006,98125,1520,1497,"no"
6664500090,"1/15/2015",750000,5,4,4500,8130,2,"no","neutral",4500,0,2007,98059,2840,8402,"no"
6669020500,"6/27/2014",330000,4,1.75,2440,7350,1,"no","neutral",1610,830,1978,98032,2180,7680,"no"
6728700075,"5/20/2014",575000,4,1.75,1280,6060,1,"no","neutral",860,420,1926,98117,1490,4680,"no"
6744701310,"4/15/2015",1850000,4,2.5,3830,11972,1,"yes","neutral",2370,1460,1981,98155,3080,12297,"no"
6751300130,"8/13/2014",510500,3,1,1270,8000,1,"no","good",1270,0,1957,98007,1470,8000,"no"
6752600050,"8/12/2014",320000,4,2.5,2070,7007,2,"no","neutral",2070,0,1996,98031,2130,8100,"no"
6821102367,"4/29/2015",547000,3,2.5,1570,1452,2.5,"no","neutral",1240,330,2007,98199,1670,1596,"no"
7003200120,"6/27/2014",528000,2,0.75,840,40642,1,"yes","good",840,0,1937,98070,1850,64069,"no"
7010700660,"4/28/2015",807000,3,2.5,1940,4000,2,"no","good",1940,0,2000,98199,1410,4000,"no"
7016300050,"7/23/2014",420000,4,2.5,2030,8100,1,"no","neutral",1150,880,1973,98034,1770,8071,"no"
7110000068,"7/3/2014",975000,6,2.75,2520,54160,2,"yes","neutral",2520,0,1954,98146,2790,26809,"no"
7129303045,"4/17/2015",949950,5,2.5,2340,1989,2,"yes","neutral",2340,0,1959,98118,2200,3230,"no"
7129303070,"8/20/2014",735000,4,2.75,3040,2415,2,"yes","neutral",3040,0,1966,98118,2620,2433,"no"
7135520610,"5/29/2014",950000,4,3.5,4140,13392,2,"no","neutral",4140,0,2000,98059,4140,11529,"no"
7140200450,"12/31/2014",272000,4,2.75,1810,7350,1,"no","good",1200,610,1980,98030,1750,7350,"no"
7147400045,"4/28/2015",355000,3,1.75,1870,8250,2,"no","neutral",1870,0,1956,98188,1350,8714,"no"
7167000020,"6/16/2014",792500,4,2.5,4290,175421,2,"no","neutral",4290,0,2004,98010,3370,63162,"no"
7199330010,"4/17/2015",525000,3,1.75,1720,7200,1,"no","neutral",1140,580,1977,98052,1700,8400,"no"
7203220050,"11/18/2014",988830,5,3.25,4115,7910,2,"no","neutral",4115,0,2014,98053,3950,6765,"no"
7203600040,"7/25/2014",625000,3,1.5,1990,5978,1.5,"yes","good",1990,0,1926,98198,2100,6221,"no"
7204200025,"10/28/2014",1230000,4,2.5,3120,49456,2,"yes","good",2590,530,1974,98198,2030,32181,"no"
7205510370,"11/24/2014",304500,3,2.25,1790,6930,1,"no","neutral",1390,400,1974,98003,1810,7420,"no"
7214700580,"6/8/2014",510000,4,2.25,2450,62290,2,"no","neutral",2450,0,1976,98077,2450,41181,"no"
7214770020,"4/9/2015",549950,5,2.5,2650,54380,2,"no","neutral",2650,0,1984,98077,2560,49044,"no"
7215400770,"6/23/2014",260000,4,2.5,2000,37045,2,"no","neutral",2000,0,1989,98042,2390,36868,"no"
7215720680,"2/3/2015",587000,4,2.75,2210,8430,2,"no","neutral",2210,0,1999,98075,2460,8069,"no"
7215721330,"10/23/2014",485000,3,2.5,1650,4218,2,"no","neutral",1650,0,2000,98075,1650,4559,"no"
7278100515,"8/21/2014",1300000,2,2.5,2910,19449,2,"yes","great",1940,970,1985,98177,2540,23598,"no"
7281300010,"8/22/2014",1200000,3,3.5,4310,10842,2,"no","neutral",3140,1170,1988,98177,2280,11106,"no"
7297700055,"3/5/2015",306000,3,1,1190,10350,1,"no","good",1190,0,1959,98028,1850,10500,"no"
7302000120,"6/10/2014",695000,3,2.5,2550,45254,2,"no","neutral",2550,0,2001,98053,2190,49222,"no"
7334501440,"10/21/2014",287000,3,1.5,1150,11475,1,"no","neutral",1150,0,1971,98045,1640,11475,"no"
7349660050,"11/18/2014",268000,3,1.75,1600,7711,1,"no","neutral",1600,0,1999,98002,2100,7711,"no"
7351200050,"12/18/2014",1340000,4,1.75,2300,13342,1.5,"yes","neutral",2300,0,1934,98125,2500,13342,"no"
7351200295,"1/14/2015",1150000,3,1.75,1760,6788,2,"yes","neutral",1760,0,1940,98125,1630,7588,"no"
7352200025,"10/13/2014",1190000,2,1.75,2080,8112,1,"yes","good",1040,1040,1939,98125,2030,8408,"no"
7352200100,"2/24/2015",1360000,2,1.75,2620,14138,2,"yes","neutral",2120,500,1931,98125,1830,8279,"no"
7352200450,"1/15/2015",2050000,4,3.25,3580,19989,1.5,"yes","good",3480,100,1915,98125,2410,6389,"no"
7403200050,"11/13/2014",1600000,3,2.25,3370,23065,1,"yes","neutral",1920,1450,1980,98028,3410,19688,"no"
7417700664,"4/8/2015",220000,4,2,1400,7140,1,"no","neutral",1400,0,1969,98155,1610,10500,"no"
7434500127,"8/12/2014",527000,3,2.25,2240,6450,1,"no","neutral",1440,800,1979,98125,1390,6450,"no"
7452500190,"10/16/2014",345000,3,1.75,710,5050,1,"no","good",710,0,1950,98126,900,5050,"no"
7518500855,"5/4/2015",658600,4,2,1400,4690,1.5,"no","good",1400,0,1945,98117,1400,4690,"no"
7522500020,"5/27/2014",730001,3,2,1840,4750,1,"no","great",1010,830,1951,98117,1760,5510,"no"
7524900003,"12/10/2014",3280000,2,1.75,6840,10000,2.5,"yes","neutral",4350,2490,2001,98008,3120,12300,"no"
7558700030,"4/13/2015",5300000,6,6,7390,24829,2,"yes","good",5000,2390,1991,98040,4320,24619,"no"
7558800620,"8/22/2014",6e+05,2,1.75,1550,7764,1,"yes","good",1550,0,1965,98070,1690,11620,"no"
7567600030,"1/27/2015",750000,5,1.75,2640,13290,1,"yes","good",1400,1240,1954,98178,2400,11942,"no"
7567600045,"8/27/2014",825000,2,1,1150,12775,1,"yes","good",1150,0,1908,98178,2440,11852,"no"
7574910220,"7/31/2014",795000,4,2.5,2920,32219,2,"no","great",2920,0,1995,98077,3420,37206,"no"
7574910450,"2/3/2015",845000,4,2.5,3360,40471,2,"no","good",3360,0,1994,98077,3150,36823,"no"
7575610760,"5/7/2015",290000,3,2.25,1620,7772,2,"no","good",1620,0,1988,98003,1710,6455,"no"
7575620120,"4/22/2015",260000,3,3,2390,8993,2,"no","neutral",1680,710,1988,98003,1820,10362,"no"
7589200153,"6/9/2014",559000,3,1.5,2070,5386,1,"no","good",1140,930,1948,98117,1770,5386,"no"
7625700305,"6/5/2014",564000,3,1.75,1980,6250,1,"no","great",1090,890,1910,98136,1980,6250,"no"
7631200085,"5/12/2014",947500,3,2.75,2980,27144,1.5,"yes","great",2180,800,1917,98166,1890,12514,"no"
7631200310,"11/6/2014",985000,2,2.5,2720,26761,2,"yes","neutral",2720,0,1990,98166,1870,12396,"no"
7631800015,"4/7/2015",2510000,3,3.25,5480,57990,2,"yes","neutral",5480,0,1991,98166,2500,22954,"no"
7631800110,"9/18/2014",380000,3,2.5,1980,17342,2,"yes","neutral",1580,400,1984,98166,2060,17313,"no"
7636800041,"6/25/2014",995000,3,4.5,4380,47044,2,"yes","neutral",3720,660,1968,98166,2460,18512,"no"
7663700030,"5/3/2015",1180000,2,2.5,1770,7155,2,"yes","neutral",1770,0,1957,98155,2410,10476,"yes"
7682200340,"7/28/2014",182000,3,2.25,1960,8875,1,"no","neutral",1290,670,1965,98003,1890,8700,"no"
7686203195,"3/23/2015",249950,3,1.5,1450,6875,1,"no","good",1450,0,1961,98198,1270,8000,"no"
7702010050,"3/23/2015",590000,3,2.5,2830,5788,2,"no","neutral",2830,0,2001,98028,2500,5802,"no"
7715800430,"11/4/2014",502000,3,2.5,1870,9135,1,"no","neutral",1250,620,1984,98074,1550,9100,"no"
7715801030,"3/31/2015",510000,4,2.5,1620,8125,2,"no","good",1620,0,1983,98074,1480,8120,"no"
7738500731,"8/15/2014",4500000,5,5.5,6640,40014,2,"yes","neutral",6350,290,2004,98155,3030,23408,"no"
7781600025,"10/23/2014",1160000,3,2.5,2490,24691,1,"yes","good",1580,910,1961,98146,2800,24121,"no"
7781600100,"9/5/2014",1340000,3,2.75,2730,38869,1.5,"yes","neutral",1940,790,1963,98146,2630,28188,"yes"
7796450340,"12/5/2014",330000,4,2.5,2980,5674,2,"no","neutral",2980,0,2003,98023,2610,5495,"no"
7812801590,"10/30/2014",219900,3,1,860,6664,1,"no","neutral",860,0,1944,98178,1150,6857,"no"
7852030310,"6/18/2014",440000,4,2.5,2410,4780,2,"no","neutral",2410,0,2000,98065,2410,4025,"no"
7852140040,"8/25/2014",507250,3,2.5,2270,5536,2,"no","neutral",2270,0,2003,98065,2270,5731,"no"
7853240040,"4/14/2015",7e+05,4,2.75,3350,7857,2,"no","neutral",3350,0,2004,98065,3870,7886,"no"
7853300280,"2/13/2015",536000,4,2.5,2880,8833,2,"no","neutral",2880,0,2006,98065,2570,5234,"no"
7853301930,"10/9/2014",405000,3,2.5,1960,6997,2,"no","neutral",1960,0,2006,98065,2320,5178,"no"
7853310150,"7/22/2014",625000,5,1,3240,5324,2,"no","neutral",3240,0,2007,98065,3240,6036,"no"
7856400240,"2/11/2015",1650000,4,3,3900,9750,1,"no","great",2520,1380,1972,98006,3410,9450,"no"
7883605900,"10/15/2014",315450,3,1.75,1130,7500,1.5,"no","good",1130,0,1908,98108,1240,6000,"no"
7889000125,"3/19/2015",235000,3,1,1864,6978,1,"no","good",1864,0,1958,98002,990,8000,"no"
7889600190,"1/13/2015",229000,3,1,1590,6240,1,"no","neutral",1060,530,1956,98146,1410,6240,"no"
7905200315,"4/16/2015",711777,4,1.75,2220,6731,1,"no","good",1110,1110,1953,98116,1600,6350,"no"
7936500109,"7/25/2014",2230000,3,3,3620,28064,2,"yes","great",2370,1250,1977,98136,2550,34713,"no"
7936500172,"5/28/2014",1180000,3,2.5,1970,23180,1,"yes","neutral",1100,870,1937,98136,3030,34689,"yes"
7936500190,"10/21/2014",1340000,4,3.75,2130,34689,1.5,"yes","neutral",2130,0,1955,98136,3030,28598,"no"
7940700190,"8/13/2014",380000,2,2,1370,5756,1,"no","neutral",1370,0,1986,98034,1380,5444,"no"
7940710070,"8/22/2014",394000,3,2.5,1370,4400,1,"no","neutral",1370,0,1988,98034,1630,4400,"no"
7942601475,"5/20/2014",345600,5,3.5,2800,5120,2.5,"no","neutral",2800,0,1903,98122,1780,5120,"yes"
7977200945,"3/10/2015",425000,3,1,1000,5100,1,"no","neutral",860,140,1946,98115,1000,5100,"no"
7979900225,"3/23/2015",360000,3,1.75,1900,11407,1,"no","neutral",1900,0,1963,98155,1710,11407,"no"
8029500100,"2/26/2015",317000,3,2.5,2100,7587,2,"no","neutral",2100,0,1990,98023,2330,8119,"no"
8043700105,"4/17/2015",2300000,4,4,4360,8175,2.5,"yes","neutral",3940,420,2007,98008,2670,8525,"no"
8043700300,"6/8/2014",2700000,4,3.25,4420,7850,2,"yes","neutral",3150,1270,2001,98008,2760,8525,"no"
8069000075,"12/29/2014",790000,4,1.75,2460,10061,1,"yes","neutral",1410,1050,1961,98178,2300,10061,"no"
8073000480,"7/22/2014",869000,2,1.75,1900,13122,1,"yes","neutral",1100,800,1954,98178,1650,13160,"no"
8073000491,"12/11/2014",7e+05,4,1.75,1950,7139,1,"yes","neutral",1150,800,1957,98178,1600,13122,"no"
8073000495,"10/10/2014",7e+05,2,1,1160,17635,1,"yes","neutral",1160,0,1945,98178,1510,13122,"no"
8073000550,"4/15/2015",1700000,4,3.75,3190,17186,2,"yes","neutral",3190,0,1999,98178,2290,13496,"no"
8073000585,"7/15/2014",840500,4,2.25,2290,12174,1,"yes","neutral",1490,800,1948,98178,2290,9379,"no"
8091670030,"5/12/2014",383000,4,2.5,2160,6223,2,"no","neutral",2160,0,2010,98038,2160,5555,"no"
8096000060,"4/13/2015",655000,2,1.75,1450,15798,2,"yes","neutral",1230,220,1915,98166,2030,13193,"no"
8106100105,"11/14/2014",3850000,4,4.25,5770,21300,2,"yes","good",5770,0,1980,98040,4620,22748,"no"
8121200460,"11/19/2014",530000,3,2.5,2030,10958,2,"no","neutral",2030,0,1983,98052,1960,10282,"no"
8126300410,"7/25/2014",650000,4,1.75,2390,12000,1,"no","neutral",1470,920,1979,98052,2110,12000,"no"
8161010060,"12/18/2014",504750,3,2.5,2490,21937,2,"no","neutral",2490,0,1993,98014,2450,21937,"no"
8165500790,"12/29/2014",336900,3,2.5,1690,1200,2,"no","neutral",1410,280,2014,98106,1740,1664,"no"
8550001515,"10/1/2014",429592,2,2.75,1992,10946,1.5,"yes","great",1288,704,1903,98070,1110,8328,"no"
8563030280,"5/13/2014",7e+05,3,2.5,2030,8398,2,"no","good",2030,0,1975,98008,2450,8104,"no"
8572900135,"5/23/2014",399500,3,1.75,2420,12676,2,"no","neutral",2420,0,1911,98045,1210,6769,"no"
8644000060,"10/24/2014",237000,3,1.75,1270,8470,1,"no","good",1270,0,1960,98198,1600,8470,"no"
8645511500,"4/20/2015",352750,4,2.75,2270,24237,1,"no","good",1360,910,1977,98058,2050,8016,"no"
8651510380,"8/21/2014",310000,3,2,2070,9195,1,"no","neutral",1220,850,1982,98074,2080,9551,"no"
8682260470,"6/19/2014",437000,2,1.75,1440,4225,1,"no","neutral",1440,0,2005,98053,1680,6200,"no"
8682261650,"7/10/2014",554000,2,2,1670,4996,1,"no","neutral",1670,0,2004,98053,1670,4996,"no"
8691310070,"6/18/2014",913000,4,2.5,3640,10576,2,"no","neutral",3640,0,1999,98075,3370,10351,"no"
8731800210,"7/11/2014",235000,3,2.5,2350,9051,1,"no","good",1570,780,1966,98023,2270,8748,"no"
8731801190,"12/23/2014",269000,3,2.25,1950,8661,1,"no","good",1950,0,1966,98023,1950,8800,"no"
8731951670,"6/6/2014",270000,4,2.25,1900,8600,1,"no","good",1900,0,1975,98023,2120,8000,"no"
8731960540,"12/15/2014",242000,4,2.5,1750,11400,2,"no","good",1750,0,1975,98023,1890,9024,"no"
8732130140,"12/22/2014",285000,4,2.25,2150,8250,1,"no","good",1240,910,1978,98023,2050,7875,"no"
8805900430,"12/29/2014",1150000,4,2.5,1940,4875,2,"no","good",1940,0,1925,98112,1790,4875,"no"
8819900270,"5/20/2014",440000,2,1.75,1300,4000,2,"no","neutral",1300,0,1948,98105,1350,4013,"no"
8825900070,"8/18/2014",705000,6,2,2570,4240,1.5,"no","good",1970,600,1911,98115,2030,4240,"no"
8835210130,"8/8/2014",3e+05,2,1.5,1150,3927,2,"no","neutral",1150,0,1982,98034,1400,3425,"no"
8888000055,"12/30/2014",530000,3,0.75,920,20412,1,"yes","great",920,0,1950,98070,1162,54705,"no"
8901001335,"11/3/2014",637000,4,2.75,2850,7510,2,"no","neutral",2850,0,2008,98125,1510,8833,"no"
8917100020,"6/6/2014",1150000,3,1.5,2170,16600,1,"yes","neutral",1130,1040,1979,98052,3130,13875,"no"
8923600185,"8/29/2014",8e+05,3,2.5,2760,9471,1,"no","neutral",1760,1000,1956,98115,3040,6765,"no"
8927600070,"1/13/2015",630000,3,1.75,1540,6930,1,"no","neutral",1250,290,1944,98115,1760,6930,"no"
8929000090,"7/2/2014",484998,4,2.5,1540,1870,2,"no","neutral",1540,0,2014,98029,1540,1619,"no"
8937500020,"2/10/2015",325000,3,1.75,2420,14862,1,"no","neutral",1380,1040,1977,98023,2550,14675,"no"
8937600080,"1/26/2015",295000,3,1.75,1930,13350,1,"no","neutral",1930,0,1967,98023,2270,13350,"no"
9117000170,"5/5/2015",268643,4,2.25,1810,9240,2,"no","neutral",1810,0,1961,98055,1660,9240,"no"
9141100070,"1/26/2015",575000,5,2.5,1970,12375,1,"no","neutral",1570,400,1959,98133,1970,8941,"no"
9164100035,"4/29/2015",655000,1,1,1660,5422,1,"no","good",830,830,1908,98117,1100,5356,"no"
9197100263,"8/19/2014",237000,3,1.75,2000,12208,1,"no","neutral",1140,860,1979,98032,1060,8194,"no"
9201300020,"8/11/2014",1520000,3,2.25,2610,9409,1,"yes","good",2610,0,1963,98075,2970,9156,"no"
9201300050,"8/14/2014",1850000,5,2.25,2800,8442,2,"yes","neutral",2800,0,1963,98075,3220,9156,"yes"
9238450160,"4/28/2015",389000,3,1,1280,9630,1,"no","neutral",1280,0,1968,98072,1300,9453,"no"
9238500190,"12/2/2014",440000,4,2.25,2600,28600,1,"no","neutral",1810,790,1968,98072,2580,26950,"no"
9253900271,"1/7/2015",3570000,5,4.5,4850,10584,2,"yes","neutral",3540,1310,2007,98008,3470,18270,"no"
9253900408,"4/8/2015",1400000,3,2.75,3130,19530,1,"yes","neutral",1690,1440,1947,98008,2980,18782,"no"
9253900417,"1/28/2015",1600000,3,2.5,2850,19593,1.5,"yes","neutral",1790,1060,1978,98008,2850,18782,"no"
9257900010,"4/22/2015",499900,4,2.25,2360,7650,1,"no","neutral",1640,720,1963,98155,2320,11060,"no"
9262800002,"7/8/2014",232000,3,1.5,1460,15000,1,"no","neutral",1460,0,1966,98001,1510,15000,"no"
9264920870,"10/23/2014",3e+05,3,2.25,1730,10030,1,"no","good",1730,0,1985,98023,2090,8823,"no"
9265880040,"5/9/2014",557000,4,2.5,2840,4500,2,"no","neutral",2840,0,2012,98028,2840,4939,"no"
9268850160,"2/6/2015",293467,4,2,1590,942,3,"no","neutral",1590,0,2008,98027,1390,942,"no"
9268851670,"4/24/2015",645000,3,2.5,2170,1984,2.5,"no","neutral",2170,0,2008,98027,2150,1984,"no"
9285800345,"6/26/2014",320000,2,1,950,5316,1,"no","neutral",950,0,1948,98126,1620,6085,"no"
9297301055,"12/9/2014",363000,2,1,1120,4800,1,"no","neutral",770,350,1926,98126,1510,4800,"no"
9301300270,"2/23/2015",1330000,3,3,3180,2758,2,"no","neutral",2240,940,2008,98109,2420,2758,"no"
9358000780,"5/12/2015",275000,2,1,830,5610,1,"no","neutral",830,0,1922,98126,1310,2793,"no"
9358002375,"3/5/2015",420000,6,3,2290,6344,2,"no","neutral",2290,0,1980,98126,1360,3202,"no"
9362000040,"6/23/2014",3400000,3,4.5,5230,17826,2,"yes","neutral",3740,1490,2005,98040,3670,17826,"no"
9406500530,"9/12/2014",249000,2,2,1090,1357,2,"no","neutral",1090,0,1990,98028,1078,1318,"no"
9412400220,"7/10/2014",1610000,4,2.75,5470,18200,2,"yes","neutral",3730,1740,1992,98118,3620,15100,"no"
9422400035,"9/12/2014",477500,2,2,2090,6000,2,"no","neutral",2090,0,1918,98116,1600,5400,"no"
9432900560,"2/12/2015",290000,3,2.5,2360,8764,2,"no","neutral",2360,0,1991,98022,2360,8746,"no"
9459200110,"6/10/2014",315000,2,1,1740,3622,1,"no","good",950,790,1924,98118,1270,3800,"no"
9465910190,"5/29/2014",6e+05,3,1.75,2930,19876,1,"no","neutral",2030,900,1993,98072,2740,11499,"no"
9471201175,"5/6/2014",1580000,4,3.25,3760,10920,1.5,"no","great",2400,1360,1950,98105,3430,11050,"no"
9523102660,"5/13/2014",560000,3,1,1440,5000,2,"no","neutral",1440,0,1910,98103,1850,4500,"no"
9536600010,"12/23/2014",520000,4,0.75,1960,8277,1,"yes","good",1320,640,1923,98198,1940,8402,"no"
9557300190,"7/11/2014",440000,3,2.25,1900,7225,1,"no","neutral",1220,680,1970,98008,1900,7399,"no"
9808700762,"6/11/2014",7060000,5,4.5,10040,37325,2,"yes","neutral",7680,2360,1940,98004,3930,25449,"yes"
9828701741,"10/21/2014",489000,2,2.75,1465,972,2,"no","neutral",1050,415,2006,98112,1480,1430,"no"
9828702895,"10/22/2014",7e+05,4,1.75,2420,520,1.5,"no","neutral",2420,0,1900,98112,1200,1170,"no"
